Stefan Oppl and Thomas Rothschädl,Department of Business Information Systems – Communications Engineering Kepler University of Linz,2014,"Adamides, E., Karacapilidis, N.",A knowledge centred framework for collaborative business process modelling,2006
Stefan Oppl and Thomas Rothschädl,Department of Business Information Systems – Communications Engineering Kepler University of Linz,2014,"Brown, R., Recker, J., West, S.",Using virtual worlds for collaborative business process modeling,2011
Stefan Oppl and Thomas Rothschädl,Department of Business Information Systems – Communications Engineering Kepler University of Linz,2014,"de Cesare, S., Serrano, A.",Collaborative modeling using uml and business process simulation,2006
Stefan Oppl and Thomas Rothschädl,Department of Business Information Systems – Communications Engineering Kepler University of Linz,2014,"Crapo, A., Waisel, L., Wallace, W., Willemain, T.",Visualization and the process of modeling: a cognitive-theoretic view,2000
Stefan Oppl and Thomas Rothschädl,Department of Business Information Systems – Communications Engineering Kepler University of Linz,2014,"Dann, H.D.",Variation von Lege-Strukturen zur Wissensrepräsentation,1992
Stefan Oppl and Thomas Rothschädl,Department of Business Information Systems – Communications Engineering Kepler University of Linz,2014,"Decker, G., Weske, M.",Towards collaborative business process modeling,2009
Stefan Oppl and Thomas Rothschädl,Department of Business Information Systems – Communications Engineering Kepler University of Linz,2014,"Dollmann, T., Houy, C., Fettke, P., Loos, P.",Collaborative business process modeling with comomod-a toolkit for model integration in distributed cooperation environments,2011
Stefan Oppl and Thomas Rothschädl,Department of Business Information Systems – Communications Engineering Kepler University of Linz,2014,"Dreiling, A.",Gravity – collaborative business process modelling within google wave ,2009
Stefan Oppl and Thomas Rothschädl,Department of Business Information Systems – Communications Engineering Kepler University of Linz,2014,"Erol, S., Mödritscher, F., Neumann, G.",A meta-design approach for collaborative process modeling,2010
Stefan Oppl and Thomas Rothschädl,Department of Business Information Systems – Communications Engineering Kepler University of Linz,2014,"Fleischmann, A., Schmidt, W., Stary, C., Obermeier, S., Börger, E.",Subjektorientiertes Prozessmanagement,2011
Stefan Oppl and Thomas Rothschädl,Department of Business Information Systems – Communications Engineering Kepler University of Linz,2014,"Gasson, S.","The dynamics of sensemaking, knowledge, and expertise in collaborative, boundary-spanning design",2005
Stefan Oppl and Thomas Rothschädl,Department of Business Information Systems – Communications Engineering Kepler University of Linz,2014,"Giaglis, G.",A taxonomy of business process modeling and information systems modeling techniques,2001
Stefan Oppl and Thomas Rothschädl,Department of Business Information Systems – Communications Engineering Kepler University of Linz,2014,"Grosskopf, A., Edelman, J., Weske, M.",Tangible business process modeling – methodology and experiment design,2009
Stefan Oppl and Thomas Rothschädl,Department of Business Information Systems – Communications Engineering Kepler University of Linz,2014,"Hahn, C., Recker, J., Mendling, J.",An exploratory study of IT-enabled collaborative process modeling,2010
Stefan Oppl and Thomas Rothschädl,Department of Business Information Systems – Communications Engineering Kepler University of Linz,2014,"Herrmann, T., Hoffmann, M., Kunau, G., Loser, K.",Modelling cooperative work: Chances and risks of structuring,2002
Stefan Oppl and Thomas Rothschädl,Department of Business Information Systems – Communications Engineering Kepler University of Linz,2014,"Herrmann, T., Nolte, A.",The integration of collaborative process modeling and electronic brainstorming in co-located meetings,2010
Stefan Oppl and Thomas Rothschädl,Department of Business Information Systems – Communications Engineering Kepler University of Linz,2014,"Kaltenbrunner, M., Bovermann, T., Bencina, R., Costanza, E.",TUIO: a protocol for table-top tangible user interfaces,2005
Stefan Oppl and Thomas Rothschädl,Department of Business Information Systems – Communications Engineering Kepler University of Linz,2014,"Lewis, M., Young, B., Mathiassen, L., Rai, A., Welke, R.",Business process innovation based on stakeholder perceptions,2007
Stefan Oppl and Thomas Rothschädl,Department of Business Information Systems – Communications Engineering Kepler University of Linz,2014,"Niehaves, B., Plattfaut, R.",Collaborative business process management: status quo and quo vadis,2011
Stefan Oppl and Thomas Rothschädl,Department of Business Information Systems – Communications Engineering Kepler University of Linz,2014,"Oppl, S.",Subject-Oriented Elicitation of Distributed Business Process Knowledge,2011
Stefan Oppl and Thomas Rothschädl,Department of Business Information Systems – Communications Engineering Kepler University of Linz,2014,"Oppl, S., Stary, C.",Tabletop concept mapping,2009
Stefan Oppl and Thomas Rothschädl,Department of Business Information Systems – Communications Engineering Kepler University of Linz,2014,"Oppl, S., Stary, C.",Effects of a Tabletop Interface on the Co-Construction of Concept Maps,2011
Stefan Oppl and Thomas Rothschädl,Department of Business Information Systems – Communications Engineering Kepler University of Linz,2014,"Ould, M.A.",Business Processes: Modelling and analysis for re-engineering and improvement,1995
Stefan Oppl and Thomas Rothschädl,Department of Business Information Systems – Communications Engineering Kepler University of Linz,2014,"Renger, M., Kolfschoten, G., de Vreede, G.J.",Using interactive whiteboard technology to support collaborative modeling,2008
Stefan Oppl and Thomas Rothschädl,Department of Business Information Systems – Communications Engineering Kepler University of Linz,2014,"Riemer, K., Holler, J., Indulska, M.",Collaborative process modelling-tool analysis and design implications,2011
Stefan Oppl and Thomas Rothschädl,Department of Business Information Systems – Communications Engineering Kepler University of Linz,2014,"Rittgen, P.",Negotiating models,2007
Stefan Oppl and Thomas Rothschädl,Department of Business Information Systems – Communications Engineering Kepler University of Linz,2014,"Saint-Andre, P., et al.",Extensible messaging and presence protocol ,3920
Stefan Oppl and Thomas Rothschädl,Department of Business Information Systems – Communications Engineering Kepler University of Linz,2014,"Santoro, F., Borges, M., Pino, J.",Cepe: cooperative editor for processes elicitation,2000
Stefan Oppl and Thomas Rothschädl,Department of Business Information Systems – Communications Engineering Kepler University of Linz,2014,"Schmidt, K., Simone, C.",Coordination mechanisms: Towards a conceptual foundation of CSCW systems design,1996
Stefan Oppl and Thomas Rothschädl,Department of Business Information Systems – Communications Engineering Kepler University of Linz,2014,"Strauss, A.",Continual Permutations of Action,1993
Stefan Oppl and Thomas Rothschädl,Department of Business Information Systems – Communications Engineering Kepler University of Linz,2014,"Stuit, M., Wortmann, H., Szirbik, N., Roodenburg, J.",Multi-view interaction modelling of human collaboration processes: a business process study of head and neck cancer care in a dutch academic hospital,2011
Stefan Oppl and Thomas Rothschädl,Department of Business Information Systems – Communications Engineering Kepler University of Linz,2014,"Wachholder, D., Oppl, S.",Stakeholder-Driven Collaborative Modeling of Subject-Oriented Business Processes,2012
Stefan Oppl and Thomas Rothschädl,Department of Business Information Systems – Communications Engineering Kepler University of Linz,2014,"White, S.",Introduction to BPMN,2004
Stefan Oppl and Thomas Rothschädl,Department of Business Information Systems – Communications Engineering Kepler University of Linz,2014,"Zachman, J.",A framework for information systems architecture,1987
Boris Sobočan and Nils Meyer,Metasonic AG Germany,2014,Horváth &amp; Partner.,Prozessmanagement umsetzen: durch nachhaltige Prozessperformance Umsatz steigern und Kosten senken,2007
Boris Sobočan and Nils Meyer,Metasonic AG Germany,2014,"Schmelzer, H.J., Sesselmann, W.",Geschäftsprozessmanagement in der Praxis: Kunden zufrieden stellen - Produktivität steigern - Wert erhöhen,2008
Boris Sobočan and Nils Meyer,Metasonic AG Germany,2014,"Becker, J., Kugeler, M., Rosemann, M.",Prozessmanagement ein Leitfaden zur prozessorientierten Organisationsgestaltung,2005
Boris Sobočan and Nils Meyer,Metasonic AG Germany,2014,"Weske, M.","Business process management concepts, languages, architectures",2007
Boris Sobočan and Nils Meyer,Metasonic AG Germany,2014,"Köppen, A., Scheer, A.-W.","Consulting: Wissen für die Strategie-, Prozess- und IT-Beratung",2001
Boris Sobočan and Nils Meyer,Metasonic AG Germany,2014,"Mutschler, B., Reichert, M.",Understanding the Costs of Business Process Management Technology,2013
Boris Sobočan and Nils Meyer,Metasonic AG Germany,2014,"Wohland, G., Wiemeyer, M.",Denkwerkzeuge der Höchstleister wie dynamikrobuste Unternehmen Marktdruck erzeugen,2007
Boris Sobočan and Nils Meyer,Metasonic AG Germany,2014,"Mutschler, B.",Modeling and Simulating Causal Dependencies on Process-aware Information Systems from a Cost Perspective ,2008
Boris Sobočan and Nils Meyer,Metasonic AG Germany,2014,"Herzberg, F.",One more time: How do you motivate employees,1968
Boris Sobočan and Nils Meyer,Metasonic AG Germany,2014,"Mohr, L.B.",Determinants of Innovation in Organizations,1969
Boris Sobočan and Nils Meyer,Metasonic AG Germany,2014,"Bandara, W., Gable, G.G., Rosemann, M.",Critical success factors of business process modeling ,2007
Boris Sobočan and Nils Meyer,Metasonic AG Germany,2014,"Bruno, G., Dengler, F., Jennings, B., Khalaf, R., Nurcan, S., Prilla, M., Sarini, M., Schmidt, R., Silva, R.",Key challenges for enabling agile BPM with social software,2011
Boris Sobočan and Nils Meyer,Metasonic AG Germany,2014,"Erol, S., Granitzer, M., Happ, S., Jantunen, S., Jennings, B., Johannesson, P., Koschmider, A., Nurcan, S., Rossi, D., Schmidt, R.",Combining BPM and social software: contradiction or chance? J,2010
Boris Sobočan and Nils Meyer,Metasonic AG Germany,2014,"Jones, G.",Testing two cognitive theories of insight,1017
Boris Sobočan and Nils Meyer,Metasonic AG Germany,2014,"Fleischmann, A., Schmidt, W., Stary, C., Obermeier, S., Börger, E.","Subjektorientiertes Prozessmanagement: Mitarbeiter einbinden, Motivation und Prozessakzeptanz steigern",2011
Boris Sobočan and Nils Meyer,Metasonic AG Germany,2014,"Fleischmann, A., Schmidt, W., Stary, C., Obermeier, S., Börger, E.",Subject-Oriented Business Process Management - an Open Access book ,2012
Boris Sobočan and Nils Meyer,Metasonic AG Germany,2014,"Cummins, F., De Man, H., Allee, V., Berre, A.J.","Value Delivery Modeling Language, VDML ",2012
Boris Sobočan and Nils Meyer,Metasonic AG Germany,2014,"vom Brocke, J., Rosemann, M.","Handbook on Business Process Management 2 - Strategic Alignment, Governance, People and Culture",2010
Boris Sobočan and Nils Meyer,Metasonic AG Germany,2014,"Franz, P., Kirchmer, M.",Value-Driven Business Process Management,2012
Boris Sobočan and Nils Meyer,Metasonic AG Germany,2014,"Bucur, O., Beaune, P., Boissier, O.",Knowledge Sharing on How to Recognize and Use Context to Make Decisions,2005
Boris Sobočan and Nils Meyer,Metasonic AG Germany,2014,"Turban, E., Aronson, J.E.",Decision Support Systems and Intelligent Systems,2000
Boris Sobočan and Nils Meyer,Metasonic AG Germany,2014,"Salonen, E.",A designer’s guide to collaboration ,2013
Boris Sobočan and Nils Meyer,Metasonic AG Germany,2014,"Palachuk, K.W.",SOP Friday: When Policies and Procedures Become Obsolete ,2013
Boris Sobočan and Nils Meyer,Metasonic AG Germany,2014,"Helm, F.",Participants and processes,2012
Boris Sobočan and Nils Meyer,Metasonic AG Germany,2014,"Gall, N.",Best Practices for Business Process Modeling: Model for Change,2013
Boris Sobočan and Nils Meyer,Metasonic AG Germany,2014,"Fleischmann, A., Schmidt, W., Stary, C., Obermeier, S., Börger, E.",Modeling Processes in a Subject-Oriented Way,2012
Boris Sobočan and Nils Meyer,Metasonic AG Germany,2014,"Maroney, J.",Employee Motivation - The 5 Master Keys for Success ,2004
Boris Sobočan and Nils Meyer,Metasonic AG Germany,2014,"Kotelnikov, V.",Resistance to Change - Understanding and Overcoming Human and Organizational Barriers,1000
Udo Kannengiesser and Alexandra Totter,Metasonic AG Pfaffenhofen,2014,"Curtis, B., Kellner, M.I., Over, J.",Process Modeling,1992
Udo Kannengiesser and Alexandra Totter,Metasonic AG Pfaffenhofen,2014,"Rosemann, M., Recker, J.",Context-aware Process Design: Exploring the Extrinsic Drivers for Process Flexibility,2006
Udo Kannengiesser and Alexandra Totter,Metasonic AG Pfaffenhofen,2014,"Saidani, O., Nurcan, S.",Towards context aware business process modelling,2007
Udo Kannengiesser and Alexandra Totter,Metasonic AG Pfaffenhofen,2014,"de la Vara, J.L., Ali, R., Dalpiaz, F., Sánchez, J., Giorgini, P.",Business Process Contextualisation via Context Analysis,2010
Udo Kannengiesser and Alexandra Totter,Metasonic AG Pfaffenhofen,2014,"Dey, A.K.",Understanding and Using Context,2001
Udo Kannengiesser and Alexandra Totter,Metasonic AG Pfaffenhofen,2014,"Coutaz, J., et al.",Context is key,2005
Udo Kannengiesser and Alexandra Totter,Metasonic AG Pfaffenhofen,2014,"Wieland, M., et al.",Towards context-aware workflows,2007
Udo Kannengiesser and Alexandra Totter,Metasonic AG Pfaffenhofen,2014,"Rosemann, M., Recker, J.C., Flender, C.",Contextualisation of business processes,2008
Udo Kannengiesser and Alexandra Totter,Metasonic AG Pfaffenhofen,2014,"Chalmers, M.",A historical view of context,2004
Udo Kannengiesser and Alexandra Totter,Metasonic AG Pfaffenhofen,2014,"Fetzer, A. (ed.)",Context and appropriateness: micro meets macro,2007
Udo Kannengiesser and Alexandra Totter,Metasonic AG Pfaffenhofen,2014,"Johns, G.",The Essential Impact of Context on Organizational Behavior,2006
Udo Kannengiesser and Alexandra Totter,Metasonic AG Pfaffenhofen,2014,"Dourish, P.",What we talk about when we talk about context,2004
Udo Kannengiesser and Alexandra Totter,Metasonic AG Pfaffenhofen,2014,"Ploesser, K., et al.",Learning from Context to Improve Business Processes,2009
Udo Kannengiesser and Alexandra Totter,Metasonic AG Pfaffenhofen,2014,"Heravizadeh, M., Edmond, D.",Making workflows context-aware: a way to support knowledge-intensive tasks,2008
Udo Kannengiesser and Alexandra Totter,Metasonic AG Pfaffenhofen,2014,"Pérez, E., Fortier, A., Rossi, G., Gordillo, S.",Rethinking context models,2009
Udo Kannengiesser and Alexandra Totter,Metasonic AG Pfaffenhofen,2014,"Oulasvirta, A., Tamminen, S., Höök, K.",Comparing two approaches to context: realism and constructivism,2005
Udo Kannengiesser and Alexandra Totter,Metasonic AG Pfaffenhofen,2014,"Fleischmann, A., et al.",Subject-Oriented Business Process Management,2012
Udo Kannengiesser and Alexandra Totter,Metasonic AG Pfaffenhofen,2014,"Fleischmann, A., et al.",Subject-Oriented Modeling and Execution of Multi-Agent Business Processes,2009
Udo Kannengiesser and Alexandra Totter,Metasonic AG Pfaffenhofen,2014,"Von Hippel, E., Katz, R.",Shifting Innovation to Users via Toolkits,2002
Udo Kannengiesser and Alexandra Totter,Metasonic AG Pfaffenhofen,2014,"Wilkinson, A.",Empowerment: theory and practice,1998
Udo Kannengiesser and Alexandra Totter,Metasonic AG Pfaffenhofen,2014,"Spreitzer, G.",Toward the integration of two perspectives: A review of social-structural and psychological empowerment at work,2007
Murat Salmanoğlu and Onur Demirörs,Informatics Institute Middle East Technical University,2014,"Albrecht, A.J.",Measuring Application Development Productivity,1979
Murat Salmanoğlu and Onur Demirörs,Informatics Institute Middle East Technical University,2014,"ISO/IEC, 20926",Software and systems engineering – Software measurement – IFPUG functional size measurement method ,2009
Murat Salmanoğlu and Onur Demirörs,Informatics Institute Middle East Technical University,2014,"ISO/IEC, 20968",Software engineering – Mk II Function Point Analysis – Counting Practices Manual ,2002
Murat Salmanoğlu and Onur Demirörs,Informatics Institute Middle East Technical University,2014,"ISO/IEC, 19761",Software engineering – COSMIC: a functional size measurement method ,2011
Murat Salmanoğlu and Onur Demirörs,Informatics Institute Middle East Technical University,2014,"ISO/IEC, 24570",Software engineering – NESMA functional size measurement method version 2,2005
Murat Salmanoğlu and Onur Demirörs,Informatics Institute Middle East Technical University,2014,"ISO/IEC, 29881",Information technology – Systems and software engineering – FiSMA 1,2010
Murat Salmanoğlu and Onur Demirörs,Informatics Institute Middle East Technical University,2014,"Abran, A.",Automating Functional Size Measurement – a Survey,2011
Murat Salmanoğlu and Onur Demirörs,Informatics Institute Middle East Technical University,2014,"Abran, A., Desharnais, J.-M., Oligny, S., St-Pierre, D., Symons, C.",COSMIC Method Measurement Manual Version 3,2009
Murat Salmanoğlu and Onur Demirörs,Informatics Institute Middle East Technical University,2014,"Conte, M., Iorio, T., Meli, R., Santillo, L.",E&amp;Q: An Early &amp; Quick Approach to Functional Size Measurement Methods,2004
Murat Salmanoğlu and Onur Demirörs,Informatics Institute Middle East Technical University,2014,"Meli, R.",Early and Extended Function Point: A New Method for Function Points Estimation,1997
Murat Salmanoğlu and Onur Demirörs,Informatics Institute Middle East Technical University,2014,"Buglione, L., Ormandjieva, O., Daneva, M.",Using PSU for early prediction of COSMIC size of functional and non-functional requirements,2008
Murat Salmanoğlu and Onur Demirörs,Informatics Institute Middle East Technical University,2014,"Lavazza, L., Del Bianco, V.",A case study in COSMIC functional size measurement: The rice cooker revisited,2009
Murat Salmanoğlu and Onur Demirörs,Informatics Institute Middle East Technical University,2014,"Azzouz, S., Abran, A.",A proposed measurement role in the Rational Unified Process ,1976
Murat Salmanoğlu and Onur Demirörs,Informatics Institute Middle East Technical University,2014,"Nagano, S., Ajisaka, T.",Functional metrics using COSMIC-FFP for object-oriented real- time systems,2003
Murat Salmanoğlu and Onur Demirörs,Informatics Institute Middle East Technical University,2014,"Kaya, M., Demirors, O.",E-Cosmic: A Business Process Model Based Functional Size Estimation Approach,2011
Murat Salmanoğlu and Onur Demirörs,Informatics Institute Middle East Technical University,2014,"Monsalve, C., Abran, A., April, A.",Functional Size Measurement with Business Process Models: The Business Application Domain,2010
Murat Salmanoğlu and Onur Demirörs,Informatics Institute Middle East Technical University,2014,"Monsalve, C., Abran, A., April, A.",Measuring Software Functional Size From Business Process Models,2011
Murat Salmanoğlu and Onur Demirörs,Informatics Institute Middle East Technical University,2014,"Aysolmaz, B., İren, D., Demirörs, O.",An Effort Prediction Model Based on BPM Measures for Process Automation,2013
Murat Salmanoğlu and Onur Demirörs,Informatics Institute Middle East Technical University,2014,"Kaya, M.",E-COSMIC: A Business Process Model Based Functional Size Estimation Approach,2010
Matthias Lederer and Matthias Kurz,Information Systems (Services-Processes-Intelligence) University of Erlangen-Nuremberg,2014,"Kaplan, R.S., Norton, D.P.",The Execution Premium: Linking Strategy to Operations for Competitive Advantage,2008
Matthias Lederer and Matthias Kurz,Information Systems (Services-Processes-Intelligence) University of Erlangen-Nuremberg,2014,"Lederer, M.",Business Process Transparency Management: An Approach to Aligning Business Processes and Corporate Strategy,2013
Matthias Lederer and Matthias Kurz,Information Systems (Services-Processes-Intelligence) University of Erlangen-Nuremberg,2014,"Wolf, C., Harmon, P.",The State of Business Process Management 2012,2012
Matthias Lederer and Matthias Kurz,Information Systems (Services-Processes-Intelligence) University of Erlangen-Nuremberg,2014,"Gaitanides, M.",Prozessorganisation,2007
Matthias Lederer and Matthias Kurz,Information Systems (Services-Processes-Intelligence) University of Erlangen-Nuremberg,2014,"Kaplan, R.S., Norton, D.P.",The Strategy-Focused Organization: How Balanced Scorecard Companies Thrive in the New Business Environment,2001
Matthias Lederer and Matthias Kurz,Information Systems (Services-Processes-Intelligence) University of Erlangen-Nuremberg,2014,"Saaksvuori, A., Immonen, A.",Product Lifecycle Management,2004
Matthias Lederer and Matthias Kurz,Information Systems (Services-Processes-Intelligence) University of Erlangen-Nuremberg,2014,"Minonne, C., Turner, G.",Business Process Management – Are you ready for the future? Knowledge and Process Management 19,2012
Matthias Lederer and Matthias Kurz,Information Systems (Services-Processes-Intelligence) University of Erlangen-Nuremberg,2014,"Müller, T.",Zukunftsthema Geschäftsprozessmanagement,2011
Matthias Lederer and Matthias Kurz,Information Systems (Services-Processes-Intelligence) University of Erlangen-Nuremberg,2014,"Sidorova, A., Isik, O.",Business Process Research: A Cross-Disciplinary Review,2010
Matthias Lederer and Matthias Kurz,Information Systems (Services-Processes-Intelligence) University of Erlangen-Nuremberg,2014,"Heracleous, L.",Strategy and Organization: Realizing Strategic Management,2003
Matthias Lederer and Matthias Kurz,Information Systems (Services-Processes-Intelligence) University of Erlangen-Nuremberg,2014,"Staehle, W.",Management,1990
Matthias Lederer and Matthias Kurz,Information Systems (Services-Processes-Intelligence) University of Erlangen-Nuremberg,2014,"Wooldridge, B., Floyd, S.W.","The strategy process, middle management involvement, and organizational performance",1990
Matthias Lederer and Matthias Kurz,Information Systems (Services-Processes-Intelligence) University of Erlangen-Nuremberg,2014,"Wiersma, E.",For which purposes do managers use balanced scorecards? An empirical study,2009
Matthias Lederer and Matthias Kurz,Information Systems (Services-Processes-Intelligence) University of Erlangen-Nuremberg,2014,"Gutenberg, E.",Unternehmensführung,1962
Matthias Lederer and Matthias Kurz,Information Systems (Services-Processes-Intelligence) University of Erlangen-Nuremberg,2014,"Leisgang, W.",Soziale Praxis und soziale Kompetenzen des mittleren Managements,2011
Matthias Lederer and Matthias Kurz,Information Systems (Services-Processes-Intelligence) University of Erlangen-Nuremberg,2014,"Weyerer, M.","Ändert sich das mittlere Management? Hernsteiner 11, 6–9 ",1998
Matthias Lederer and Matthias Kurz,Information Systems (Services-Processes-Intelligence) University of Erlangen-Nuremberg,2014,"Galliers, R.D.","Towards a flexible information architecture: integrating business strategies, information systems strategies and business process redesign",1993
Matthias Lederer and Matthias Kurz,Information Systems (Services-Processes-Intelligence) University of Erlangen-Nuremberg,2014,"Melchert, F., Winter, R., Klesse, M.",Aligning Process Automation and Business Intelligence to Support Corporate Performance Management,2004
Matthias Lederer and Matthias Kurz,Information Systems (Services-Processes-Intelligence) University of Erlangen-Nuremberg,2014,"Bleistein, S.J., Cox, K., Verner, J., Phalp, K.T.","B-SCP: A requirements analysis framework for validating strategic alignment of organizational IT based on strategy, context, and process",2005
Matthias Lederer and Matthias Kurz,Information Systems (Services-Processes-Intelligence) University of Erlangen-Nuremberg,2014,"Menz, M., Schmid, T., Müller-Stewens, G., Lechner, C.",Strategische Initiativen und Programme,2011
Matthias Lederer and Matthias Kurz,Information Systems (Services-Processes-Intelligence) University of Erlangen-Nuremberg,2014,"Lederer, M., Lembcke, U.",Business Process Transparency Management Modeling Notation,2013
Matthias Lederer and Matthias Kurz,Information Systems (Services-Processes-Intelligence) University of Erlangen-Nuremberg,2014,"Kaplan, R.S., Norton, D.P.",Linking the Balanced Scorecard to Strategy,1996
Matthias Lederer and Matthias Kurz,Information Systems (Services-Processes-Intelligence) University of Erlangen-Nuremberg,2014,"William, B.T.",The Balanced Scorecard as a Strategy-Evaluation Tool: The Effects of Implementation Involvement and a Causal-Chain Focus,1095
Matthias Lederer and Matthias Kurz,Information Systems (Services-Processes-Intelligence) University of Erlangen-Nuremberg,2014,"Quezada, L.E., Cordova, F.M., Palominos, P., Godoy, K., Ross, J.",Method for identifying strategic objectives in strategy maps,2009
Matthias Lederer and Matthias Kurz,Information Systems (Services-Processes-Intelligence) University of Erlangen-Nuremberg,2014,"Chen, C.C., Jones, K.",Are Employees Buying the Balanced Scorecard? Management Accounting Quarterly 11,2009
Matthias Lederer and Matthias Kurz,Information Systems (Services-Processes-Intelligence) University of Erlangen-Nuremberg,2014,"Chavan, M.",The balanced scorecard: a new challenge,2009
Matthias Lederer and Matthias Kurz,Information Systems (Services-Processes-Intelligence) University of Erlangen-Nuremberg,2014,"Crespo, I., Bergmann, L., Portmann, S., Lacker, T., Lacker, M., Fleischmann, J., Kozó, H.",Umsetzung der Unternehmensstrategie mit der Balanced Scorecard,2009
Matthias Lederer and Matthias Kurz,Information Systems (Services-Processes-Intelligence) University of Erlangen-Nuremberg,2014,"Recker, J.","BPMN Modeling – Who, Where, How and Why",2008
Matthias Lederer and Matthias Kurz,Information Systems (Services-Processes-Intelligence) University of Erlangen-Nuremberg,2014,"Gadatsch, A., Alpar, P.",Grundkurs Geschäftsprozess-Management,2005
Matthias Lederer and Matthias Kurz,Information Systems (Services-Processes-Intelligence) University of Erlangen-Nuremberg,2014,"Meyer, A., Smirnov, S., Weske, M.",Data in Business Processes,2011
Matthias Lederer and Matthias Kurz,Information Systems (Services-Processes-Intelligence) University of Erlangen-Nuremberg,2014,"Recker, J.C., Indulska, M., Rosemann, M., Green, P.",How Good is BPMN Really? Insights from Theory and Practice,2006
Matthias Lederer and Matthias Kurz,Information Systems (Services-Processes-Intelligence) University of Erlangen-Nuremberg,2014,"Kocian, C.",Geschäftsprozessmodellierung mit BPMN 2,2011
Matthias Lederer and Matthias Kurz,Information Systems (Services-Processes-Intelligence) University of Erlangen-Nuremberg,2014,"Fleischmann, A., Schmidt, W., Stary, C., Obermeier, S., Börger, E.",Subject-oriented business process management,2012
Matthias Lederer and Matthias Kurz,Information Systems (Services-Processes-Intelligence) University of Erlangen-Nuremberg,2014,Object Management Group,Business Process Model and Notation,2013
Matthias Lederer and Matthias Kurz,Information Systems (Services-Processes-Intelligence) University of Erlangen-Nuremberg,2014,"Hogrebe, F., Nüttgens, M.",Rahmenkonzept zur Messung und Bewertung der Gebrauchstauglichkeit von Modellierungssprachen: Literaturauswertung und Untersuchungsrahmen für Usability-Eyetracking-Studien,2009
Christoph Fleischmann and Gerhard Stein,University of Technology Vienna,2014,"Fleischmann, A., Schmidt, W., Stary, C., Obermeier, S., Börger, E.",Subject-Oriented Business Process Management,2012
Christoph Fleischmann and Gerhard Stein,University of Technology Vienna,2014,"Rolland, C., Prakash, N., Benjamin, A.",A Multi-Model View of Process Modelling,1999
Christoph Fleischmann and Gerhard Stein,University of Technology Vienna,2014,"Rolland, C.",A comprehensive view of process engineering,1998
Christoph Fleischmann and Gerhard Stein,University of Technology Vienna,2014,"Turetken, O., Demirors, O.",Business Process Modeling Pluralized,2013
Christoph Fleischmann and Gerhard Stein,University of Technology Vienna,2014,"Schmelzer, H., Sesselmann, W.","Geschäftsprozessmanagement in der Praxis – Kunden zufriedenstellen, Produktivität steigern, Wert erhöhen, 8th edn",2013
Christoph Fleischmann and Gerhard Stein,University of Technology Vienna,2014,"Smith, P.L.",An Introduction to Neural Networks ,1996
Christoph Fleischmann and Gerhard Stein,University of Technology Vienna,2014,"Hendrickson, E.",Agile Testing - Nine Principles and Six Concrete Practices for Testing on Agile Teams,2008
Christoph Fleischmann and Gerhard Stein,University of Technology Vienna,2014,"Bank for International Settlements, Basel III",A global ,2010
Christoph Fleischmann and Gerhard Stein,University of Technology Vienna,2014,"Allweyer, T.",Geschäftsprozessmanagement,2005
Christoph Fleischmann and Gerhard Stein,University of Technology Vienna,2014,"Becker, J., Kugeler, M., Rosemann, M.","Prozessmanagement - Ein Leitfaden zur prozessorientierten Organisationsgestaltung, 7th edn",2012
Christoph Fleischmann and Gerhard Stein,University of Technology Vienna,2014,"Cabanillas, C., Resinas, M., Ruiz-Cortés, A.",Introducing a Mashup-Based Approach for Design-Time Compliance Checking in Business Processes,2012
Christoph Fleischmann and Gerhard Stein,University of Technology Vienna,2014,"School of Computer Science, Fudan University, China, Detecting Runtime Business Process Compliance with Artifact Lifecycles. Springer<span class=""Occurrences""><span class=""Occurrence OccurrenceGS""><a target=""_blank"" rel=""noopener"" class=""google-scholar-link gtm-reference"" data-reference-type=""Google Scholar"" href=""https",/scholar,2013
Christoph Fleischmann and Gerhard Stein,University of Technology Vienna,2014,"Metasonic AG, MetasonicTouch, PlanetCreativ GbR, <span class=""ExternalRef""><a target=""_blank"" rel=""noopener"" href=""http",/www,2013
Christoph Fleischmann and Gerhard Stein,University of Technology Vienna,2014,"Kosil, E.","Organisation der Unternehmung, Wiesbaden ",1962
Christoph Fleischmann and Gerhard Stein,University of Technology Vienna,2014,"Gartner Inc., IT Glossary (2013), <span class=""ExternalRef""><a target=""_blank"" rel=""noopener"" href=""http",/www,2013
Christoph Fleischmann and Gerhard Stein,University of Technology Vienna,2014,"Gartner, Pace Layers (2010)<span class=""Occurrences""><span class=""Occurrence OccurrenceGS""><a target=""_blank"" rel=""noopener"" class=""google-scholar-link gtm-reference"" data-reference-type=""Google Scholar"" href=""https",/scholar,2820
Andreas Fink and Simon Vogt,Institute of Computer Science Faculty of Economics and Social Sciences Helmut-Schmidt-Universität Hamburg,2014,"Anupindi, R., Deshmukh, S.D., Van Mieghem, J.A., Zemel, E.",Managing Business Process Flows,1999
Andreas Fink and Simon Vogt,Institute of Computer Science Faculty of Economics and Social Sciences Helmut-Schmidt-Universität Hamburg,2014,"Davenport, T.H.",Process management for knowledge work,2010
Andreas Fink and Simon Vogt,Institute of Computer Science Faculty of Economics and Social Sciences Helmut-Schmidt-Universität Hamburg,2014,"De Leoni, M.",Adaptive process management in highly dynamic and pervasive scenarios,2009
Andreas Fink and Simon Vogt,Institute of Computer Science Faculty of Economics and Social Sciences Helmut-Schmidt-Universität Hamburg,2014,"Drucker, P.F.",Knowledge-worker productivity: The biggest challenge,1999
Andreas Fink and Simon Vogt,Institute of Computer Science Faculty of Economics and Social Sciences Helmut-Schmidt-Universität Hamburg,2014,"Fleischmann, A.","What Is S-BPM? In: Buchwald, H",2009
Andreas Fink and Simon Vogt,Institute of Computer Science Faculty of Economics and Social Sciences Helmut-Schmidt-Universität Hamburg,2014,"Herbst, J., Karagiannis, D.",Integrating machine learning and workflow management to support acquisition and adaptation of workflow models,1998
Andreas Fink and Simon Vogt,Institute of Computer Science Faculty of Economics and Social Sciences Helmut-Schmidt-Universität Hamburg,2014,"Hevner, A.R., March, S.T., Park, J., Ram, S.",Design Science in Information Systems Research,2004
Andreas Fink and Simon Vogt,Institute of Computer Science Faculty of Economics and Social Sciences Helmut-Schmidt-Universität Hamburg,2014,"Huber, S., Hauptmann, A., Lederer, M., Kurz, M.",Managing Complexity in Adaptive Case Management,2013
Andreas Fink and Simon Vogt,Institute of Computer Science Faculty of Economics and Social Sciences Helmut-Schmidt-Universität Hamburg,2014,ISIS-Papyrus Software,ISIS Papyrus V7 Enterprise Communication and Process Platform Enables Consolidated Service Delivery for Customer-Focused Quality and Collaboration ,2008
Andreas Fink and Simon Vogt,Institute of Computer Science Faculty of Economics and Social Sciences Helmut-Schmidt-Universität Hamburg,2014,"Khodabandelou, G., Hug, C., Deneckère, R., Salinesi, C.",Process Mining Versus Intention Mining,2013
Andreas Fink and Simon Vogt,Institute of Computer Science Faculty of Economics and Social Sciences Helmut-Schmidt-Universität Hamburg,2014,"Khoyi, D., Swenson, K.D.",What to do when modeling doesn’t work,2010
Andreas Fink and Simon Vogt,Institute of Computer Science Faculty of Economics and Social Sciences Helmut-Schmidt-Universität Hamburg,2014,"Kurz, M., Fleischmann, A.",BPM 2,2010
Andreas Fink and Simon Vogt,Institute of Computer Science Faculty of Economics and Social Sciences Helmut-Schmidt-Universität Hamburg,2014,"Le Clair, C., Miers, D.","The Forrester Wave: Dynamic Case Management, Q1, Forrester Research ",2011
Andreas Fink and Simon Vogt,Institute of Computer Science Faculty of Economics and Social Sciences Helmut-Schmidt-Universität Hamburg,2014,"Le Clair, C., Moore, C.",Dynamic Case Management — An Old Idea Catches New Fire,2009
Andreas Fink and Simon Vogt,Institute of Computer Science Faculty of Economics and Social Sciences Helmut-Schmidt-Universität Hamburg,2014,"March, S.T., Storey, V.C.",Design Science in the Information Systems Discipline: An Introduction to the Special Issue on Design Science Research,2008
Andreas Fink and Simon Vogt,Institute of Computer Science Faculty of Economics and Social Sciences Helmut-Schmidt-Universität Hamburg,2014,"Neumann, G., Erol, S.",From a social wiki to a social workflow system,2009
Andreas Fink and Simon Vogt,Institute of Computer Science Faculty of Economics and Social Sciences Helmut-Schmidt-Universität Hamburg,2014,"Reijers, H.A., Rigter, J.H.M., van der Aalst, W.M.P.",The case handling case,2003
Andreas Fink and Simon Vogt,Institute of Computer Science Faculty of Economics and Social Sciences Helmut-Schmidt-Universität Hamburg,2014,"Swenson, K.D.",Mastering the Unpredictable: How Adaptive Case Management Will Revolutionize the Way That Knowledge Workers Get Things Done,2010
Andreas Fink and Simon Vogt,Institute of Computer Science Faculty of Economics and Social Sciences Helmut-Schmidt-Universität Hamburg,2014,"Swenson, K.D., Palmer, N., Silver, B.",Taming the Unpredictable,2011
Andreas Fink and Simon Vogt,Institute of Computer Science Faculty of Economics and Social Sciences Helmut-Schmidt-Universität Hamburg,2014,"Ukelson, J.P.",What to do when modeling doesn’t work,2010
Andreas Fink and Simon Vogt,Institute of Computer Science Faculty of Economics and Social Sciences Helmut-Schmidt-Universität Hamburg,2014,"Van der Aalst, W.M.P., Berens, P.J.S.",Beyond workflow management: product-driven case handling,2001
Andreas Fink and Simon Vogt,Institute of Computer Science Faculty of Economics and Social Sciences Helmut-Schmidt-Universität Hamburg,2014,"Van der Aalst, W.M.P.",Business Process Management: A Comprehensive Survey,2013
Andreas Fink and Simon Vogt,Institute of Computer Science Faculty of Economics and Social Sciences Helmut-Schmidt-Universität Hamburg,2014,"Van der Aalst, W.M.P., Weijters, J.M.M.",Process mining: a research agenda,2004
Andreas Fink and Simon Vogt,Institute of Computer Science Faculty of Economics and Social Sciences Helmut-Schmidt-Universität Hamburg,2014,"Van der Aalst, W.M.P., Weske, M., Grünbauer, D.",Case handling: a new paradigm for business process support,2005
Andreas Fink and Simon Vogt,Institute of Computer Science Faculty of Economics and Social Sciences Helmut-Schmidt-Universität Hamburg,2014,"Von Ammon, R., Emmersberger, C., Ertlmaier, T., Etzion, O., Paulus, T., Springer, F.",Existing and future standards for event-driven business process management,2009
Andreas Fink and Simon Vogt,Institute of Computer Science Faculty of Economics and Social Sciences Helmut-Schmidt-Universität Hamburg,2014,"Weijters, A.J.M.M., Van der Aalst, W.M.P.",Process mining: discovering workflow models from event-based data,2001
Andreas Fink and Simon Vogt,Institute of Computer Science Faculty of Economics and Social Sciences Helmut-Schmidt-Universität Hamburg,2014,"Weijters, A.J.M.M., Van der Aalst, W.M.P.",Rediscovering workflow models from event-based data using little thumb,2003
Matthes Elstermann and Jivka Ovtcharova,Institute for Information Management in Engineering Karlsruhe Institute of Technology (KIT),2014,"Meyer, B.","Object-oriented software construction, 2nd edn",1997
Matthes Elstermann and Jivka Ovtcharova,Institute for Information Management in Engineering Karlsruhe Institute of Technology (KIT),2014,"Schonenberg, H., et al.",Process flexibility: A survey of contemporary approaches,2008
Matthes Elstermann and Jivka Ovtcharova,Institute for Information Management in Engineering Karlsruhe Institute of Technology (KIT),2014,"Kurz, M., Fleischmann, A., Lederer, M., Huber, S.",Planning for the Unexpected: Exception Handling and BPM,2013
Matthes Elstermann and Jivka Ovtcharova,Institute for Information Management in Engineering Karlsruhe Institute of Technology (KIT),2014,"Heininger, R.",Requirements for Business Process Management Systems Supporting Business Process Agility,2012
Matthes Elstermann and Jivka Ovtcharova,Institute for Information Management in Engineering Karlsruhe Institute of Technology (KIT),2014,"Reichert, M., Rinderle, S., Dadam, P.",ADEPT Workflow Management System,2003
Matthes Elstermann and Jivka Ovtcharova,Institute for Information Management in Engineering Karlsruhe Institute of Technology (KIT),2014,"The YAWL Foundation, YAWL Homepage, <span class=""ExternalRef""><a target=""_blank"" rel=""noopener"" href=""http",/yawlfoundation,2012
Matthes Elstermann and Jivka Ovtcharova,Institute for Information Management in Engineering Karlsruhe Institute of Technology (KIT),2014,"Pesic, M., Schonenberg, M.H., Sidorova, N., van der Aalst, W.M.P.",Constraint-Based Workflow Models: Change Made Easy,2007
Matthes Elstermann and Jivka Ovtcharova,Institute for Information Management in Engineering Karlsruhe Institute of Technology (KIT),2014,OMG,Business Process Model and Notation ,2011
Matthes Elstermann and Jivka Ovtcharova,Institute for Information Management in Engineering Karlsruhe Institute of Technology (KIT),2014,"Eberle, H., Unger, T., Leymann, F.",Process Fragments,2009
Matthes Elstermann and Jivka Ovtcharova,Institute for Information Management in Engineering Karlsruhe Institute of Technology (KIT),2014,"Meyer, N., Feiner, T., Radmayr, M., Blei, D., Fleischmann, A.",Dynamic Catenation and Execution of Cross Organisational Business Processes - The jCPEX! Approach,2010
Matthes Elstermann and Jivka Ovtcharova,Institute for Information Management in Engineering Karlsruhe Institute of Technology (KIT),2014,"Fleischmann, A., Schmidt, W., Stary, C., Obermeier, S., Börger, E.","Subjektorientiertes Prozessmanagement: Mitarbeiter einbinden, Motivation und Prozessakzeptanz steigern",2011
Matthes Elstermann and Jivka Ovtcharova,Institute for Information Management in Engineering Karlsruhe Institute of Technology (KIT),2014,"Strecker, F.",New Modeling Concepts in S-BPM: The First Implemenation of the “Message Guard” and “Macro” Behaviour Extension,2012
Matthes Elstermann and Jivka Ovtcharova,Institute for Information Management in Engineering Karlsruhe Institute of Technology (KIT),2014,"Elstermann, M., Ovtcharova, J.",An Editing Concept for PASS Layers,2014
Matthes Elstermann and Jivka Ovtcharova,Institute for Information Management in Engineering Karlsruhe Institute of Technology (KIT),2014,"Schmidt, W., Fleischmann, A.",Business Process Monitoring with S-BPM,2013
Matthes Elstermann and Jivka Ovtcharova,Institute for Information Management in Engineering Karlsruhe Institute of Technology (KIT),2014,"ADISTRA Projekt, <span class=""ExternalRef""><a target=""_blank"" rel=""noopener"" href=""http",/www,3302
Matthes Elstermann and Jivka Ovtcharova,Institute for Information Management in Engineering Karlsruhe Institute of Technology (KIT),2014,"Augl, M.",Building a Conceptual Roadmap for Systemic Change,2012
Matthes Elstermann and Jivka Ovtcharova,Institute for Information Management in Engineering Karlsruhe Institute of Technology (KIT),2014,"Walke, T., Witschi, M., Reiner, M.",Case Study @ Swisscom,2013
Matthes Elstermann and Jivka Ovtcharova,Institute for Information Management in Engineering Karlsruhe Institute of Technology (KIT),2014,"Weitlaner, D., Guettinger, A., Kohlbacher, M.",Intuitive Comprehensibility of Process Models,2013
Matthes Elstermann and Jivka Ovtcharova,Institute for Information Management in Engineering Karlsruhe Institute of Technology (KIT),2014,"Fleischmann, A.",Distributed systems: software design and implementation,1994
Matthes Elstermann and Jivka Ovtcharova,Institute for Information Management in Engineering Karlsruhe Institute of Technology (KIT),2014,"Fleischmann, A., Schmidt, W., Stary, C., Obermeier, S., Börger, E.","Subjektorientiertes Prozessmanagement: Mitarbeiter einbinden, Motivation und Prozessakzeptanz steigern",2011
Matthes Elstermann and Jivka Ovtcharova,Institute for Information Management in Engineering Karlsruhe Institute of Technology (KIT),2014,"Börger, E.",A Subject-Oriented Interpreter Model for S-BPM ,2012
Matthes Elstermann and Jivka Ovtcharova,Institute for Information Management in Engineering Karlsruhe Institute of Technology (KIT),2014,"Metasonic, Metasonic Company Homepage, Metasonic AG, <span class=""ExternalRef""><a target=""_blank"" rel=""noopener"" href=""http",/www,2012
Matthes Elstermann and Jivka Ovtcharova,Institute for Information Management in Engineering Karlsruhe Institute of Technology (KIT),2014,"Elstermann, M., Seese, D., Fleischmann, A.",Using the Arbitrator Pattern for Dynamic Process Instance Extension in a Work-Flow Management System,2012
Matthes Elstermann and Jivka Ovtcharova,Institute for Information Management in Engineering Karlsruhe Institute of Technology (KIT),2014,"Arkin, R.C.",Behavior-based robotics,2000
Matthes Elstermann and Jivka Ovtcharova,Institute for Information Management in Engineering Karlsruhe Institute of Technology (KIT),2014,"Kurz, M., Fleischmann, A., Lederer, M., Huber, S.",Planning for the Unexpected: Exception Handling and BPM,2013
Matthes Elstermann and Jivka Ovtcharova,Institute for Information Management in Engineering Karlsruhe Institute of Technology (KIT),2014,"Strecker, F.",New modeling concepts in S-BPM: The first implementation of the “Message guard” and “Macro” behavior extensions,2012
Eray Uluhan and Mehmet N. Aydin,BPMTurkey Istanbul,2014,"Hammer, M.","Reengineering work: Don’t automate, obliterate",1990
Eray Uluhan and Mehmet N. Aydin,BPMTurkey Istanbul,2014,"Phalp, K.T.",The CAP Framework for business process modelling,1998
Eray Uluhan and Mehmet N. Aydin,BPMTurkey Istanbul,2014,"van der Aalst, W.M.P., ter Hofstede, A.",YAWL: Yet another workflow language,2005
Eray Uluhan and Mehmet N. Aydin,BPMTurkey Istanbul,2014,"Rosemann, M.",Potential pitfalls of process modeling: Part A,2006
Eray Uluhan and Mehmet N. Aydin,BPMTurkey Istanbul,2014,"van der Aalst, W.M.P.",Three good reasons for using a Petri-net-based workflow management system,1996
Eray Uluhan and Mehmet N. Aydin,BPMTurkey Istanbul,2014,"Huckvale, T., Ould, M.","Process Modeling – Who, What &amp; How: Role Activity Diagramming",1995
Eray Uluhan and Mehmet N. Aydin,BPMTurkey Istanbul,2014,"Keller, G., Nüttgens, M., Scheer, A.-W.",Semantische Prozeßmodellierung auf der Grundlage “Ereignisgesteuerter Prozeßketten ,1992
Eray Uluhan and Mehmet N. Aydin,BPMTurkey Istanbul,2014,"Shapiro, R.","A Comparison of XPDL, BPML and BPEL4WS",2002
Eray Uluhan and Mehmet N. Aydin,BPMTurkey Istanbul,2014,"Bandara, W., Gable, G.G., Rosemann, M.",Factors and Measures of Business Process Modeling: Model Building Through a Multiple Case Study,2005
Eray Uluhan and Mehmet N. Aydin,BPMTurkey Istanbul,2014,"Lissack, M.","Complexity: the science, its vocabulary, and its relation to organizations",1999
Eray Uluhan and Mehmet N. Aydin,BPMTurkey Istanbul,2014,"Sutherland, J., van den Heuvel, W.",Enterprise application integration and complex adaptive systems,2002
Eray Uluhan and Mehmet N. Aydin,BPMTurkey Istanbul,2014,"Anderson, P.",Complexity theory and organization science,1999
Eray Uluhan and Mehmet N. Aydin,BPMTurkey Istanbul,2014,"Rhodes, M., MacKechnie, G.",Understanding public service systems: Is there a role for complex adaptive systems theory? Emergence 5,2003
Eray Uluhan and Mehmet N. Aydin,BPMTurkey Istanbul,2014,"Janssen, M., Kuk, G.",A complex adaptive system perspective of enterprise architecture in electronic government,2006
Eray Uluhan and Mehmet N. Aydin,BPMTurkey Istanbul,2014,"Gell-Mann, M.","What is Complexity? In: Curzio, A",2002
Eray Uluhan and Mehmet N. Aydin,BPMTurkey Istanbul,2014,"Daft, R.L., Lewin Arie, Y.",Can organization studies begin to break out of the normal science straitjacket: An editorial essay,1990
Eray Uluhan and Mehmet N. Aydin,BPMTurkey Istanbul,2014,"Casti, J.",Complexification: Explaining a Paradoxical World Through the Science of Surprise,1994
Eray Uluhan and Mehmet N. Aydin,BPMTurkey Istanbul,2014,"Dooley, K.",A complex adaptive systems model of organizational change,1997
Eray Uluhan and Mehmet N. Aydin,BPMTurkey Istanbul,2014,"Holland, J.H.",Hidden order: How adaptation builds complexity,1995
Eray Uluhan and Mehmet N. Aydin,BPMTurkey Istanbul,2014,"Jennings, N.R.",An agent-based approach for building complex software systems,2001
Eray Uluhan and Mehmet N. Aydin,BPMTurkey Istanbul,2014,"Forrest, S., Jones, T.",Modeling complex adaptive systems with Echo,1994
Eray Uluhan and Mehmet N. Aydin,BPMTurkey Istanbul,2014,"de Nooy, W., Mrvar, A., Batagelj, V.",Exploratory social network analysis with Pajek,2005
Eray Uluhan and Mehmet N. Aydin,BPMTurkey Istanbul,2014,"Junker, B.H., Screiber, F.",Analysis of biological networks,2008
Eray Uluhan and Mehmet N. Aydin,BPMTurkey Istanbul,2014,"Batagelj, V., Mrvar, A.",Pajek-Program for large network analysis,1998
Eray Uluhan and Mehmet N. Aydin,BPMTurkey Istanbul,2014,"Rosemann, M., Recker, J., Indulska, M., Green, P.",A study of the evolution of the representational capabilities of process modeling grammars,2006
Eray Uluhan and Mehmet N. Aydin,BPMTurkey Istanbul,2014,"G.R., Danon, L., Diaz-Guilera, A., Giralt, F., Arenas, A.",Self-similar community structure in a network of human interactions,2003
Eray Uluhan and Mehmet N. Aydin,BPMTurkey Istanbul,2014,"Di MarzoSerugendo, G., Gleizes, M.-P., Karageorgos, A.",Self-Organisation in MAS,2005
Eray Uluhan and Mehmet N. Aydin,BPMTurkey Istanbul,2014,"Brian Arthur, W.",Introduction: Process and Emergence in the Economy,1997
Eray Uluhan and Mehmet N. Aydin,BPMTurkey Istanbul,2014,"Weske, M.","Business Process Management: Concepts, Languages, Architectures",2007
Eray Uluhan and Mehmet N. Aydin,BPMTurkey Istanbul,2014,"Indulska, M., Recker, J.C., Rosemann, M., Green, P.",Business process modeling: current issues and future challenges,2009
Eray Uluhan and Mehmet N. Aydin,BPMTurkey Istanbul,2014,"Ehrler, L., Fleurke, M., Purvis, M., Tony, B., Savarimuthu, R.",Agent-based workflow management systems ,2005
Eray Uluhan and Mehmet N. Aydin,BPMTurkey Istanbul,2014,"Jennings, N.R., Faratin, P., Johnson, M.J., O’Brien, P., Wiegand, M.E.",Using intelligent agents to manage business processes,1996
Eray Uluhan and Mehmet N. Aydin,BPMTurkey Istanbul,2014,"Reichert, M., Dadam, P.",Adeptflex—Supporting dynamic changes of workflows without losing control,1998
Eray Uluhan and Mehmet N. Aydin,BPMTurkey Istanbul,2014,"Holland, J.",Signals and Boundaries: Building Blocks for Complex Adaptive Systems,2012
Eray Uluhan and Mehmet N. Aydin,BPMTurkey Istanbul,2014,"Fischer, G., Herrmann, T.",Socio-technical systems: a meta-design perspective,2011
Ramtin Mesbahipour and André Nursinski,Detecon International GmbH Köln,2014,"Campus Management. Campus Verlag, Frankfurt (2003)<span class=""Occurrences""><span class=""Occurrence OccurrenceGS""><a target=""_blank"" rel=""noopener"" class=""google-scholar-link gtm-reference"" data-reference-type=""Google Scholar"" href=""https",/scholar,2820
Ramtin Mesbahipour and André Nursinski,Detecon International GmbH Köln,2014,The Open Group,Open Group Standard TOGAF Version 9,2011
Ramtin Mesbahipour and André Nursinski,Detecon International GmbH Köln,2014,"Fleischmann, A., Schmidt, W., Stary, C., Obermeier, S., Börger, E.",Subjektorientiertes Prozessmanagement,2011
Ramtin Mesbahipour and André Nursinski,Detecon International GmbH Köln,2014,"Berneaud, M., Buckl, S., Fuentes, A., Matthes, F., Monahov, I., Nowobilska, A., Roth, S., Schweda, C.M., Weber, U., Zeiner, M.",Trends for Enterprise Architecture Management and Tools,2012
Christoph Piller and DI Walter Wölfel,UAS Technikum Wien Vienna,2014,"Analoui, F., Karami, A.",Strategic Managemen,2003
Christoph Piller and DI Walter Wölfel,UAS Technikum Wien Vienna,2014,"Arnold, D.",Handbuch Logistik,2008
Christoph Piller and DI Walter Wölfel,UAS Technikum Wien Vienna,2014,"Buzacott, J.A.",Produktionsplanung und Steuerung,2010
Christoph Piller and DI Walter Wölfel,UAS Technikum Wien Vienna,2014,"Dangelmaier, W.",Theorie der Produktionsplanung und –steuerung,2009
Christoph Piller and DI Walter Wölfel,UAS Technikum Wien Vienna,2014,"Davenport, T.H.",Putting the Enterprise into the Enterprise System,1998
Christoph Piller and DI Walter Wölfel,UAS Technikum Wien Vienna,2014,"David, F.R.",Strategic Management,2011
Christoph Piller and DI Walter Wölfel,UAS Technikum Wien Vienna,2014,"Dickersbach, J.T., Keller, G.",Production Planning and Control with SAP® ERP,2011
Christoph Piller and DI Walter Wölfel,UAS Technikum Wien Vienna,2014,"Fleischmann, A.",Subjektorientiertes Prozessmanagement,2010
Christoph Piller and DI Walter Wölfel,UAS Technikum Wien Vienna,2014,"Fleischmann, A., Schmidt, W., Singer, R., Seese, D. (eds.)",S-BPM ONE 2010,2011
Christoph Piller and DI Walter Wölfel,UAS Technikum Wien Vienna,2014,"Gansterer, M.",Produktionsplanung,2013
Christoph Piller and DI Walter Wölfel,UAS Technikum Wien Vienna,2014,"Grünig, R., Kühn, R.",Process-based Strategic Planning,2011
Christoph Piller and DI Walter Wölfel,UAS Technikum Wien Vienna,2014,"Kletti, J., Schumacher, J.",Die perfekte Produktion,2011
Christoph Piller and DI Walter Wölfel,UAS Technikum Wien Vienna,2014,"Koether, R.",Taschenbuch der Logistik,2011
Christoph Piller and DI Walter Wölfel,UAS Technikum Wien Vienna,2014,"Lanninger, V.",Prozessmodell zur Auswahl Betrieblicher Standardanwendungssoftware für KMU,2009
Christoph Piller and DI Walter Wölfel,UAS Technikum Wien Vienna,2014,"Mac an Bhaird, C",Resourcing Small and Medium Sized Enterprises,2010
Christoph Piller and DI Walter Wölfel,UAS Technikum Wien Vienna,2014,"Mittendorfer, M.","Open Source Business Intelligence in SMEs, Vienna, UAS Technikum Wien, International Business and Engineer",2013
Christoph Piller and DI Walter Wölfel,UAS Technikum Wien Vienna,2014,"Monk, E.F., Wagner, B.J.",Concepts in Enterprise Resource Planning,2009
Christoph Piller and DI Walter Wölfel,UAS Technikum Wien Vienna,2014,"Schmidt, W. (ed.)",S-BPM ONE 2011,2011
Christoph Piller and DI Walter Wölfel,UAS Technikum Wien Vienna,2014,"Schroeer, S.",Internationalisierung von KMU – Problemfelder und Chancen,2009
Christoph Piller and DI Walter Wölfel,UAS Technikum Wien Vienna,2014,"Slack, N., et al.",Operations and Process Management,2009
Kai Michael Höver and Max Mühlhäuser,Dept. of Computer Science Technische Universität Darmstadt,2014,"Fleischmann, A.","What Is S-BPM? In: Buchwald, H",2009
Kai Michael Höver and Max Mühlhäuser,Dept. of Computer Science Technische Universität Darmstadt,2014,"Fleischmann, A., Schmidt, W., Stary, C., Obermeier, S., Börger, E.",Subject-Oriented Business Process Management,2012
Kai Michael Höver and Max Mühlhäuser,Dept. of Computer Science Technische Universität Darmstadt,2014,"Singer, R., Zinser, E.","Business Process Management — S-BPM a New Paradigm for Competitive Advantage? In: Buchwald, H",2009
Kai Michael Höver and Max Mühlhäuser,Dept. of Computer Science Technische Universität Darmstadt,2014,"Weinberger, A., Kollar, I., Dimitriadis, Y., Mäkitalo-Siegl, K., Fischer, F.",Computer-Supported Collaboration Scripts,2009
Kai Michael Höver and Max Mühlhäuser,Dept. of Computer Science Technische Universität Darmstadt,2014,"Harrer, A., Kobbe, L., Malzahn, N.",Conceptual and computational issues in the formalization of collaboration scripts,2007
Kai Michael Höver and Max Mühlhäuser,Dept. of Computer Science Technische Universität Darmstadt,2014,"Miao, Y., Hoeksema, K., Hoppe, H.U., Harrer, A.",CSCL scripts: modelling features and potential use,2005
Kai Michael Höver and Max Mühlhäuser,Dept. of Computer Science Technische Universität Darmstadt,2014,"Miao, Y., Harrer, A., Hoeksema, K., Hoppe, H.",Modeling CSCL Scripts — A Reflection on Learning Design Approaches,2007
Kai Michael Höver and Max Mühlhäuser,Dept. of Computer Science Technische Universität Darmstadt,2014,"Börger, E.",A Subject-Oriented Interpreter Model for S-BPM,2011
Kai Michael Höver and Max Mühlhäuser,Dept. of Computer Science Technische Universität Darmstadt,2014,"Fleischmann, A., Schmidt, W., Stary, C., Obermeier, S., Börger, E.",A Precise Description of the S-BPM Modeling Method,2012
Kai Michael Höver and Max Mühlhäuser,Dept. of Computer Science Technische Universität Darmstadt,2014,"Pritchard, A., Woollard, J.",Psychology for the classroom,2010
Kai Michael Höver and Max Mühlhäuser,Dept. of Computer Science Technische Universität Darmstadt,2014,"Kollar, I., Fischer, F., Hesse, F.",Collaboration Scripts – A Conceptual Analysis,2006
Kai Michael Höver and Max Mühlhäuser,Dept. of Computer Science Technische Universität Darmstadt,2014,"Dillenbourg, P., Jermann, P.",Designing Integrative Scripts,2007
Kai Michael Höver and Max Mühlhäuser,Dept. of Computer Science Technische Universität Darmstadt,2014,"Dansereau, D.F., Collins, K.W., McDonald, B.A., Holly, C.",Development and evaluation of a learning strategy training program,1979
Kai Michael Höver and Max Mühlhäuser,Dept. of Computer Science Technische Universität Darmstadt,2014,"Jansen, M., Oelinger, M., Hoeksema, K., Hoppe, U.",An interactive maze scenario with physical robots and other smart devices,2004
Kai Michael Höver and Max Mühlhäuser,Dept. of Computer Science Technische Universität Darmstadt,2014,"Kobbe, L., Weinberger, A., Dillenbourg, P., Harrer, A., Hämäläinen, R., Häkkinen, P., Fischer, F.",Specifying computer-supported collaboration scripts,2007
Kai Michael Höver and Max Mühlhäuser,Dept. of Computer Science Technische Universität Darmstadt,2014,"Weinberger, A., Fischer, F., Mandl, H.",Gemeinsame Wissenskonstruktion in computervermittelter Kommunikation,2003
Kai Michael Höver and Max Mühlhäuser,Dept. of Computer Science Technische Universität Darmstadt,2014,"Stegmann, K., Weinberger, A., Fischer, F.",Facilitating argumentative knowledge construction with computer-supported collaboration scripts,2007
Kai Michael Höver and Max Mühlhäuser,Dept. of Computer Science Technische Universität Darmstadt,2014,"Weinberger, A., Stegmann, K., Fischer, F.",Learning to argue online: Scripted groups surpass individuals ,2010
Kai Michael Höver and Max Mühlhäuser,Dept. of Computer Science Technische Universität Darmstadt,2014,"Fischer, F., Stegmann, K., Wecker, C., Kollar, I.",Online-Diskussionen in der Hochschullehre,2011
Kai Michael Höver and Max Mühlhäuser,Dept. of Computer Science Technische Universität Darmstadt,2014,"Dillenbourg, P.","Over-scripting CSCL: The risks of blending collaborative learning with instructional design, pp",2002
Kai Michael Höver and Max Mühlhäuser,Dept. of Computer Science Technische Universität Darmstadt,2014,"Börger, E., Stärk, R.F.",Abstract State Machines: A Method for High-Level System Design and Analysis,2003
Kai Michael Höver and Max Mühlhäuser,Dept. of Computer Science Technische Universität Darmstadt,2014,"Gargantini, A., Riccobene, E., Scandurra, P.",A Metamodel-based Language and a Simulation Engine for Abstract State Machines,1949
Kai Michael Höver and Max Mühlhäuser,Dept. of Computer Science Technische Universität Darmstadt,2014,"Gargantini, A., Riccobene, E., Scandurra, P.",Ten Reasons to Metamodel ASMs,5115
Kai Michael Höver and Max Mühlhäuser,Dept. of Computer Science Technische Universität Darmstadt,2014,"Fleischmann, A., Kannengiesser, U., Schmidt, W., Stary, C.",Subject-Oriented Modeling and Execution of Multi-Agent Business Processes,2013
Georg Weichhart and Johanna Pirker,Communications Engineering - Dept. of Business Information Systems Kepler University Linz,2014,"Auinger, A., Stary, C.",Didaktikgeleiteter Wissenstransfer - Interaktive Informationsräume für Lern-Gemeinschaften im Web,2005
Georg Weichhart and Johanna Pirker,Communications Engineering - Dept. of Business Information Systems Kepler University Linz,2014,"Bouras, C., Tsiatsos, T.",Educational virtual environments: design rationale and architecture,2006
Georg Weichhart and Johanna Pirker,Communications Engineering - Dept. of Business Information Systems Kepler University Linz,2014,"Casanova, D., Moreira, A., Costa, N.",Technology enhanced learning in higher education: results from the design of a quality evaluation framework,2011
Georg Weichhart and Johanna Pirker,Communications Engineering - Dept. of Business Information Systems Kepler University Linz,2014,"Davis, E.J., Smith, T.J., Leflore, D.",Chaos in the Classroom - A New Theory of Teaching and Learning,2008
Georg Weichhart and Johanna Pirker,Communications Engineering - Dept. of Business Information Systems Kepler University Linz,2014,"Eichelberger, H., Laner, C., Kohlberg, W.D., Stary, E., Stary, C.",Reformpädagogik goes E-Learning - neue Wege zur Selbstbestimmung von virtuellem Wissenstransfer und individualisiertem Wissenserwerb,2008
Georg Weichhart and Johanna Pirker,Communications Engineering - Dept. of Business Information Systems Kepler University Linz,2014,"Friedman, R.S., Deek, F.P.","Innovation and education in the digital age: Reconciling the roles of pedagogy, technology, and the business of learning",2003
Georg Weichhart and Johanna Pirker,Communications Engineering - Dept. of Business Information Systems Kepler University Linz,2014,"Gütl, C.",The support of virtual 3d worlds for enhancing collaboration in learning settings,2011
Georg Weichhart and Johanna Pirker,Communications Engineering - Dept. of Business Information Systems Kepler University Linz,2014,"Jong, T., Weinberger, A., Girault, I., Kluge, A., Lazonder, A., Pedaste, M., Ludvigsen, S., Ney, M., Wasson, B., Wichmann, A., Geraedts, C., Giemza, A., Hovardas, T., Julien, R., Joolingen, W., Lejeune, A., Manoli, C., Matteman, Y., Sarapuu, T., Verkade, A., Vold, V., Zacharia, Z.",Using scenarios to design complex technology-enhanced learning environments,2012
Georg Weichhart and Johanna Pirker,Communications Engineering - Dept. of Business Information Systems Kepler University Linz,2014,"Kaplan, J., Yankelovich, N.",Open wonderland: an extensible virtual world architecture,2011
Georg Weichhart and Johanna Pirker,Communications Engineering - Dept. of Business Information Systems Kepler University Linz,2014,"Laal, M., Salamati, P.","Lifelong learning; why do we need it? Procedia - Social and Behavioral Sciences 31, 399–403 ",2012
Georg Weichhart and Johanna Pirker,Communications Engineering - Dept. of Business Information Systems Kepler University Linz,2014,"Lucia, A.D., Francese, R., Passero, I., Tortora, G.",Development and evaluation of a virtual campus on second life: The case of seconddmi,2009
Georg Weichhart and Johanna Pirker,Communications Engineering - Dept. of Business Information Systems Kepler University Linz,2014,"Marjanovic, O., Bandara, W.",The current state of BPM education in Australia: Teaching and research challenges,2010
Georg Weichhart and Johanna Pirker,Communications Engineering - Dept. of Business Information Systems Kepler University Linz,2014,"Novak, J.D., Cañas, A.J.",The theory underlying concept maps and how to construct and use them,2006
Georg Weichhart and Johanna Pirker,Communications Engineering - Dept. of Business Information Systems Kepler University Linz,2014,Open Wonderland Foundation,Open Wonderland Documentation Wiki ,2013
Georg Weichhart and Johanna Pirker,Communications Engineering - Dept. of Business Information Systems Kepler University Linz,2014,"Parkhurst, H.",Education on the Dalton Plan,1923
Georg Weichhart and Johanna Pirker,Communications Engineering - Dept. of Business Information Systems Kepler University Linz,2014,"Pirker, J.",The Virtual TEAL World - An Interactive and Collaborative Virtual World Environment for Physics Education,2013
Georg Weichhart and Johanna Pirker,Communications Engineering - Dept. of Business Information Systems Kepler University Linz,2014,"Pirker, J., Berger, S., Gütl, C., Belcher, J.W., Bailey, P.H.",Understanding physical concepts using an immersive virtual learning environment,2012
Georg Weichhart and Johanna Pirker,Communications Engineering - Dept. of Business Information Systems Kepler University Linz,2014,"Pirker, J., Gütl, C., Belcher, J.W., Bailey, P.H.",Design and evaluation of a learner-centric immersive virtual learning environment for physics education,2013
Georg Weichhart and Johanna Pirker,Communications Engineering - Dept. of Business Information Systems Kepler University Linz,2014,"Rozendaal, J.S., Minnaert, A., Boekaerts, M.",Motivation and self-regulated learning in secondary vocational education: information-processing type and gender differences,2001
Georg Weichhart and Johanna Pirker,Communications Engineering - Dept. of Business Information Systems Kepler University Linz,2014,"Stary, C.",Intelligibility catchers for Self-Managed knowledge transfer,2007
Georg Weichhart and Johanna Pirker,Communications Engineering - Dept. of Business Information Systems Kepler University Linz,2014,"Stary, C., Weichhart, G.",An e-learning approach to informed problem solving,2012
Georg Weichhart and Johanna Pirker,Communications Engineering - Dept. of Business Information Systems Kepler University Linz,2014,"Weichhart, G.",S-BPM education on the dalton plan: An E-learning approach,2012
Georg Weichhart and Johanna Pirker,Communications Engineering - Dept. of Business Information Systems Kepler University Linz,2014,"Weichhart, G.",Der Dalton Plan im E-Learning: Transformation einer Reformpädagogik ins Web,2013
Georg Weichhart and Johanna Pirker,Communications Engineering - Dept. of Business Information Systems Kepler University Linz,2014,"Weichhart, G.",The learning environment as a chaotic and complex adaptive system,2013
